{"cameraMode":{"drawMode":0,"name":"Shaded","section":"Shading Mode"},"sceneLighting":true,"audioPlay":false,"sceneViewState":{"m_AlwaysRefresh":false,"showFog":true,"showSkybox":true,"showFlares":true,"showImageEffects":true,"showParticleSystems":true,"showVisualEffectGraphs":true,"m_FxEnabled":true},"in2DMode":false,"pivot":{"x":5.287135124206543,"y":-0.6784652471542358,"z":11.114988327026368},"rotation":{"x":0.24023856222629548,"y":0.08664553612470627,"z":-0.021531136706471444,"w":0.9666157960891724},"size":13.002408027648926,"orthographic":false}